"distinguish","telic"
"blended","telic"
"iced","telic"
"debarred","telic"
"inspire","telic"
"ruin","telic"
"reflect","atelic"
"freed","telic"
"jibes","atelic"
"gulping","atelic"
"Cradling","atelic"
"invited","telic"
"scanned","telic"
"simplifying","telic"
"slant","atelic"
"disrupt","telic"
"originated","telic"
"banked","telic"
"laboring","atelic"
"presenting","telic"
"crumbled","telic"
"daydream","atelic"
"restrain","telic"
"bested","telic"
"categorized","telic"
"looping","atelic"
"divulged","telic"
"made","telic"
"bang","telic"
"baby-sitting","atelic"
"Wearied","telic"
"extort","telic"
"REEVALUATE","telic"
"impart","telic"
"entitles","telic"
"celebrate","atelic"
"honouring","telic"
"rebuke","telic"
"conceived","telic"
"sheltered","atelic"
"nominated","telic"
"invaded","telic"
"surprised","telic"
"executed","telic"
"gliding","atelic"
"vomited","telic"
"budge","telic"
"outlining","telic"
"infer","telic"
"firing","atelic"
"annoying","atelic"
"capsized","telic"
"invested","telic"
"transformed","telic"
"salvaged","telic"
"conversing","atelic"
"messed","telic"
"prospered","atelic"
"scar","telic"
"elongated","atelic"
"looked","telic"
"befallen","telic"
"negate","telic"
"brandished","telic"
"crash","telic"
"cured","telic"
"eliminating","telic"
"slaking","atelic"
"fended","telic"
"repealed","telic"
"concurred","telic"
"staking","telic"
"spilled","telic"
"master","telic"
"stick","telic"
"imperil","telic"
"flooded","telic"
"hungered","atelic"
"wrangle","atelic"
"outfit","telic"
"repine","atelic"
"gyrating","atelic"
"deleted","telic"
"twinkle","telic"
"devolved","telic"
"approximate","telic"
"advised","telic"
"miscarry","telic"
"appeal","telic"
"wields","atelic"
"circumventing","telic"
"bake","telic"
"rummaged","atelic"
"redouble","telic"
"darkened","telic"
"glanced","telic"
"opened","telic"
"convulsing","atelic"
"craning","telic"
"fished","atelic"
"badger","atelic"
"expelled","telic"
"scurried","telic"
"bothering","telic"
"deputising","atelic"
"dubbed","telic"
"overstepped","telic"
"moderate","telic"
"curtailed","telic"
"beseeched","atelic"
"witness","telic"
"fulfil","telic"
"screamed","telic"
"retched","telic"
"complicated","telic"
"swamp","telic"
"deferred","telic"
"consigned","telic"
"pestering","atelic"
"familiarizes","atelic"
"bare","telic"
"inspected","telic"
"knocked","telic"
"curbed","telic"
"professed","atelic"
"relented","telic"
"consummated","telic"
"disposed","telic"
"wolfed","telic"
"repeated","telic"
"trod","atelic"
"shower","telic"
"examined","telic"
"covered","telic"
"devoting","telic"
"boosted","telic"
"trampled","atelic"
"severing","telic"
"orbits","atelic"
"dangled","atelic"
"fortify","telic"
"fretting","atelic"
"abandoned","telic"
"lodged","atelic"
"waken","telic"
"acquit","telic"
"sputtered","atelic"
"emboss","telic"
"invented","telic"
"fantasize","atelic"
"misfired","telic"
"glowing","atelic"
"overruled","telic"
"projected","telic"
"patching","telic"
"informed","telic"
"outdone","telic"
"progressed","atelic"
"people","atelic"
"evolve","atelic"
"compounded","telic"
"positioned","telic"
"enveloping","telic"
"stabbed","telic"
"rankled","atelic"
"committed","telic"
"faded","atelic"
"inverting","telic"
"augment","telic"
"balled","telic"
"reassure","telic"
"Treated","telic"
"smiled","telic"
"attempted","telic"
"signalled","telic"
"arraigning","telic"
"whooped","telic"
"noticing","telic"
"trailed","atelic"
"stamp","telic"
"apprehended","telic"
"accumulated","telic"
"refrigerated","telic"
"melted","telic"
"accelerated","telic"
"withheld","telic"
"evicted","telic"
"streaming","atelic"
"cajoled","telic"
"collaborated","atelic"
"forgot","telic"
"disseminate","telic"
"nourish","atelic"
"forwarded","telic"
"waste","telic"
"maltreated","atelic"
"ransom","telic"
"creaking","telic"
"mimic","atelic"
"relax","atelic"
"uncoiled","telic"
"appended","telic"
"filled","telic"
"title","telic"
"abetted","telic"
"use","atelic"
"crackled","telic"
"terrorizing","atelic"
"struck","telic"
"convening","telic"
"parcel","telic"
"preening","atelic"
"rebuffing","telic"
"occasioned","telic"
"mapped","telic"
"occurred","telic"
"vault","telic"
"loan","telic"
"chopped","telic"
"skinned","telic"
"RELOCATE","telic"
"impeded","telic"
"obviated","telic"
"cursing","telic"
"clubbing","telic"
"singed","telic"
"engulf","telic"
"conjoined","telic"
"parley","telic"
"hugging","telic"
"TRY","telic"
"loaded","telic"
"corroborated","telic"
"preempt","telic"
"coughing","telic"
"fed","telic"
"returned","telic"
"skimmed","telic"
"fudge","telic"
"enrol","telic"
"exhausted","telic"
"heralded","telic"
"sensed","telic"
"talking","atelic"
"menaced","telic"
"pitch","telic"
"subdued","telic"
"trotted","atelic"
"disheartened","telic"
"sort","telic"
"notify","telic"
"strip","telic"
"converted","telic"
"osculating","atelic"
"paralysed","telic"
"succour","atelic"
"strapped","telic"
"shielded","atelic"
"balancing","atelic"
"testing","atelic"
"imbibes","telic"
"insinuated","telic"
"soften","atelic"
"torch","telic"
"chuck","telic"
"relayed","telic"
"bent","telic"
"debunked","telic"
"grant","telic"
"likened","telic"
"credit","telic"
"blame","telic"
"triggered","telic"
"dwarf","telic"
"skips","telic"
"surrounded","telic"
"marred","telic"
"delivered","telic"
"reply","telic"
"disassociating","telic"
"attitudinizing","atelic"
"overmastered","telic"
"illustrated","telic"
"inherited","telic"
"drowned","telic"
"tape","telic"
"strayed","telic"
"filming","atelic"
"journeyed","atelic"
"crept","telic"
"distracted","telic"
"constructed","telic"
"confiscated","telic"
"lengthened","telic"
"mending","telic"
"schedule","telic"
"vanished","telic"
"explained","telic"
"bite","telic"
"gauge","telic"
"applauded","atelic"
"mention","telic"
"hooked","telic"
"rotating","telic"
"altered","telic"
"relishing","atelic"
"skidded","telic"
"find","telic"
"protested","telic"
"pressured","atelic"
"evaluate","telic"
"subject","telic"
"squeezed","telic"
"feast","atelic"
"tailored","telic"
"heaved","telic"
"monitoring","atelic"
"back","telic"
"assimilates","telic"
"thrilled","telic"
"stalking","atelic"
"printing","atelic"
"impairs","telic"
"locked","telic"
"took","telic"
"trickle","atelic"
"combine","telic"
"baiting","telic"
"manned","telic"
"writhing","atelic"
"missing","telic"
"trained","atelic"
"deflect","telic"
"brewing","telic"
"dogged","telic"
"numbed","telic"
"tussling","atelic"
"chuckled","telic"
"ignored","telic"
"interpreted","telic"
"cleanse","telic"
"ferry","telic"
"astounds","telic"
"dried","telic"
"accompanied","atelic"
"pound","atelic"
"serve","telic"
"hosting","atelic"
"appeased","telic"
"lugged","telic"
"shocked","telic"
"blasted","telic"
"revenge","telic"
"tramped","atelic"
"comparing","telic"
"propagated","atelic"
"water","telic"
"passed","telic"
"competing","atelic"
"postulate","telic"
"rally","telic"
"dipped","telic"
"affix","telic"
"appreciated","telic"
"shepherding","atelic"
"beat","telic"
"squashed","telic"
"dilate","telic"
"grumbled","telic"
"chafe","atelic"
"muttered","telic"
"answer","telic"
"replace","telic"
"fettered","telic"
"chatting","atelic"
"crumple","telic"
"eluded","telic"
"mint","telic"
"pointed","telic"
"stimulating","atelic"
"borrow","telic"
"paralyzed","telic"
"tailing","atelic"
"striding","atelic"
"classified","telic"
"stage","telic"
"dampened","telic"
"die","telic"
"grasped","telic"
"desert","telic"
"tacked","telic"
"crack","telic"
"quartered","telic"
"socked","telic"
"Clear","telic"
"mumbled","telic"
"repel","telic"
"foster","atelic"
"redressing","telic"
"marched","atelic"
"uphold","telic"
"resounded","telic"
"Straighten","telic"
"envisioned","telic"
"shoplifting","telic"
"restoring","telic"
"ravages","atelic"
"entertain","atelic"
"bequeathed","telic"
"trim","telic"
"edified","telic"
"advanced","atelic"
"interrupted","telic"
"showcase","telic"
"harmonize","atelic"
"venture","telic"
"co-operate","atelic"
"squared","telic"
"stacked","telic"
"commuted","atelic"
"emulate","atelic"
"Zooming","telic"
"grass","telic"
"impelled","telic"
"commiserating","atelic"
"obtained","telic"
"hurried","telic"
"repulsed","telic"
"backtrack","telic"
"considered","telic"
"swivels","telic"
"brag","atelic"
"listened","atelic"
"besieging","telic"
"pulverised","telic"
"tripping","atelic"
"parked","telic"
"recapitulates","telic"
"tweaked","telic"
"discern","telic"
"penetrate","telic"
"pausing","telic"
"superseded","telic"
"intoxicated","telic"
"impinge","telic"
"ejaculated","telic"
"straighten","telic"
"interfere","telic"
"misuse","atelic"
"savouring","atelic"
"thriving","atelic"
"sprouting","telic"
"clinked","telic"
"jump","telic"
"account","telic"
"spark","telic"
"summarize","telic"
"clip","telic"
"flattened","telic"
"eased","telic"
"dig","atelic"
"righted","telic"
"forebode","telic"
"shivered","telic"
"overrun","telic"
"solidified","telic"
"swopped","telic"
"overridden","telic"
"perpetrated","telic"
"experience","telic"
"cultivated","atelic"
"earned","atelic"
"happened","telic"
"opined","telic"
"blooming","atelic"
"spare","telic"
"exhorted","telic"
"soaking","telic"
"distorting","telic"
"prescribed","telic"
"eclipsed","telic"
"promised","telic"
"requested","telic"
"ambushed","telic"
"bereft","telic"
"built","telic"
"record","telic"
"met","telic"
"encountered","telic"
"underscore","telic"
"frighten","telic"
"ruminated","atelic"
"hit","telic"
"infesting","telic"
"billing","atelic"
"depicted","telic"
"parted","telic"
"dispatch","telic"
"fetch","telic"
"ambling","telic"
"bind","telic"
"assembled","telic"
"Set","telic"
"mimed","atelic"
"soared","telic"
"allayed","telic"
"replicated","telic"
"cleaned","telic"
"told","telic"
"roused","telic"
"baptized","telic"
"travelled","atelic"
"overpowered","telic"
"congratulated","telic"
"process","telic"
"further","atelic"
"outrun","telic"
"attest","telic"
"charted","telic"
"secreting","telic"
"enter","telic"
"divorced","telic"
"alight","telic"
"flaunted","atelic"
"panting","atelic"
"prodded","telic"
"quiz","telic"
"paging","atelic"
"started","telic"
"shouted","telic"
"consult","telic"
"glared","atelic"
"quit","telic"
"disclosed","telic"
"perished","telic"
"measured","telic"
"chant","atelic"
"baptised","telic"
"distended","telic"
"detonate","telic"
"harvested","telic"
"ravish","telic"
"undervalued","telic"
"banished","telic"
"formulate","telic"
"quieten","telic"
"documented","telic"
"re-evaluate","telic"
"dissemble","atelic"
"weighted","telic"
"compiled","telic"
"escaped","telic"
"Run","telic"
"founded","telic"
"murmured","telic"
"adapting","telic"
"chase","telic"
"desist","telic"
"regulated","atelic"
"Rebounding","telic"
"shovelled","atelic"
"attached","telic"
"purchased","telic"
"evoked","telic"
"trundled","atelic"
"battered","atelic"
"chaining","telic"
"forestall","telic"
"lapsed","telic"
"smarted","atelic"
"unify","telic"
"pained","atelic"
"finance","telic"
"shot","telic"
"secured","telic"
"assume","telic"
"dazzling","atelic"
"managed","telic"
"brushed","telic"
"unlock","telic"
"hounded","atelic"
"tore","telic"
"intimates","telic"
"received","telic"
"tumbled","telic"
"participate","atelic"
"enlisted","telic"
"mesmerized","telic"
"endorsed","telic"
"waved","atelic"
"provided","telic"
"survived","telic"
"vacate","telic"
"pluck","telic"
"excused","telic"
"impute","telic"
"stashed","telic"
"fumed","atelic"
"realise","telic"
"ward","telic"
"attain","telic"
"propped","telic"
"reheat","telic"
"bypass","telic"
"bellowed","telic"
"redounding","telic"
"warn","telic"
"wheezed","atelic"
"enhanced","telic"
"interpose","telic"
"intermingle","telic"
"tired","telic"
"inciting","telic"
"prosecuting","telic"
"tilted","telic"
"entrusted","telic"
"allocated","telic"
"exulting","atelic"
"promote","telic"
"teeming","atelic"
"attended","telic"
"fuss","atelic"
"swimming","atelic"
"initiated","telic"
"realized","telic"
"consolidated","telic"
"aligned","telic"
"washed","telic"
"dodged","telic"
"harassing","atelic"
"growling","atelic"
"unbent","telic"
"fused","telic"
"trap","telic"
"smashed","telic"
"shoved","telic"
"convicted","telic"
"watched","atelic"
"fashion","telic"
"vilify","telic"
"polished","telic"
"squabbled","atelic"
"scotch","telic"
"thieving","atelic"
"steadied","telic"
"incurred","telic"
"Validating","telic"
"deprive","telic"
"ting","telic"
"recoil","telic"
"combusting","telic"
"stared","atelic"
"put","telic"
"hitched","telic"
"developed","atelic"
"inhibited","telic"
"starve","telic"
"warmed","telic"
"consumed","telic"
"reversed","telic"
"juxtaposing","telic"
"funded","telic"
"stipulated","telic"
"wagered","telic"
"muddled","telic"
"shelved","telic"
"clap","telic"
"shadowing","atelic"
"lash","telic"
"distribute","telic"
"climbed","telic"
"radiated","atelic"
"muffled","atelic"
"tortured","atelic"
"twitched","atelic"
"attack","telic"
"encroaches","atelic"
"slithered","telic"
"struggled","atelic"
"congealed","telic"
"voted","telic"
"smite","telic"
"Destroy","telic"
"moaning","telic"
"testify","telic"
"epitomized","telic"
"whispered","telic"
"aroused","telic"
"collapses","telic"
"scowling","atelic"
"retracted","telic"
"commingled","telic"
"spurred","telic"
"implored","atelic"
"sharing","atelic"
"eloping","telic"
"toting","atelic"
"aiding","atelic"
"extradite","telic"
"outgrew","telic"
"shamming","atelic"
"acquired","telic"
"accommodating","atelic"
"reasoning","atelic"
"complementing","atelic"
"dissuade","telic"
"unbolted","telic"
"Dwindling","atelic"
"rehabilitate","telic"
"composing","telic"
"poisoning","telic"
"transposed","telic"
"waver","atelic"
"traverse","telic"
"USE","atelic"
"manifested","atelic"
"facilitates","telic"
"graced","telic"
"hurtling","atelic"
"dictates","atelic"
"ringing","telic"
"enraged","telic"
"quarried","telic"
"annihilated","telic"
"endowed","telic"
"touring","atelic"
"dissipate","telic"
"ask","telic"
"undertook","telic"
"acquiesce","telic"
"swollen","telic"
"Read","telic"
"untying","telic"
"refined","telic"
"nail","telic"
"activating","telic"
"elucidated","telic"
"sheds","telic"
"elapsed","telic"
"specify","telic"
"shipped","telic"
"summon","telic"
"persuade","telic"
"dumped","telic"
"impersonating","atelic"
"exit","telic"
"dispelled","telic"
"remind","telic"
"administered","atelic"
"yelled","telic"
"slowed","atelic"
"distilled","atelic"
"hardened","telic"
"maintained","atelic"
"flicked","telic"
"mounted","telic"
"touches","telic"
"broadened","atelic"
"flashing","atelic"
"shaken","telic"
"aiming","atelic"
"outweighs","telic"
"spotted","telic"
"called","telic"
"retarded","telic"
"Calm","telic"
"vacillated","atelic"
"slipping","telic"
"empower","telic"
"Snitching","telic"
"reaped","telic"
"supervising","atelic"
"grade","telic"
"dislocate","telic"
"erected","telic"
"savor","atelic"
"endeavored","telic"
"recounting","atelic"
"comprehend","atelic"
"honored","telic"
"refill","telic"
"precipitated","telic"
"capered","telic"
"robbed","telic"
"transported","telic"
"slumber","atelic"
"undermined","telic"
"prevaricate","telic"
"meditated","atelic"
"transplant","telic"
"whistling","telic"
"cited","telic"
"deposit","telic"
"despatched","telic"
"submerged","telic"
"accusing","telic"
"bargained","atelic"
"confounded","telic"
"indemnify","telic"
"echoed","atelic"
"screened","telic"
"anchor","telic"
"yielded","telic"
"circumscribed","telic"
"construed","telic"
"rendered","telic"
"recommend","telic"
"defeated","telic"
"defined","telic"
"articulate","telic"
"blurt","telic"
"ails","telic"
"aired","telic"
"encourage","telic"
"demanded","telic"
"spoke","telic"
"collect","telic"
"suppressed","telic"
"foretell","telic"
"reeled","telic"
"earmark","telic"
"err","telic"
"amazed","telic"
"attributed","telic"
"embellish","atelic"
"exalted","telic"
"resorting","telic"
"adhered","atelic"
"accentuating","atelic"
"boiled","atelic"
"espousing","atelic"
"recollected","telic"
"revolve","telic"
"stitched","telic"
"dunked","telic"
"converged","atelic"
"grunted","telic"
"scorch","telic"
"kicks","telic"
"swiped","telic"
"jabbed","telic"
"handled","telic"
"shifted","telic"
"predicted","telic"
"danced","atelic"
"rile","telic"
"tossed","telic"
"suffocating","telic"
"pivoted","atelic"
"officiated","atelic"
"sprained","telic"
"incriminate","telic"
"quivered","atelic"
"triumphed","atelic"
"inconvenienced","telic"
"blossomed","atelic"
"reared","telic"
"rammed","telic"
"upgraded","telic"
"pooled","telic"
"shortened","telic"
"added","telic"
"urged","telic"
"refute","telic"
"finished","telic"
"retreated","telic"
"overtook","telic"
"scoot","telic"
"graduated","telic"
"exchanging","telic"
"behave","atelic"
"label","telic"
"retired","telic"
"punish","telic"
"liquidated","telic"
"irked","telic"
"guess","telic"
"consented","telic"
"cramming","atelic"
"vowed","telic"
"pledged","telic"
"nearing","telic"
"unloosed","telic"
"transfigured","telic"
"ageing","atelic"
"slack","telic"
"rid","telic"
"efface","telic"
"hesitated","atelic"
"praise","atelic"
"ache","atelic"
"embroidered","telic"
"Maneuver","atelic"
"shade","telic"
"navigate","atelic"
"ejecting","telic"
"careened","telic"
"slain","telic"
"careering","atelic"
"slinking","telic"
"scooped","telic"
"lease","telic"
"stowed","telic"
"accomplished","telic"
"re-echoed","telic"
"contradict","telic"
"disown","telic"
"ridden","atelic"
"retold","telic"
"tallied","telic"
"coalesced","telic"
"flung","telic"
"unclosed","telic"
"evidenced","telic"
"posed","telic"
"mislaid","telic"
"exhaled","telic"
"nag","atelic"
"duck","telic"
"toppled","telic"
"rap","telic"
"charter","telic"
"slept","atelic"
"mitigate","telic"
"spin","atelic"
"nullified","telic"
"dislodged","telic"
"act","atelic"
"kindled","telic"
"institute","telic"
"scoring","telic"
"educated","telic"
"collided","telic"
"dissect","telic"
"brave","telic"
"detaining","atelic"
"chosen","telic"
"liberate","telic"
"wiggle","atelic"
"seduced","telic"
"fulminate","telic"
"registered","telic"
"poured","telic"
"unleashed","telic"
"exploit","atelic"
"enunciated","telic"
"jerked","telic"
"posting","telic"
"exploded","telic"
"pronounce","telic"
"culminating","telic"
"silenced","telic"
"decelerated","atelic"
"modified","telic"
"weave","telic"
"ripped","telic"
"vying","atelic"
"tolling","atelic"
"amends","telic"
"utilising","atelic"
"shelled","telic"
"slackened","telic"
"deliberating","atelic"
"reinforcing","telic"
"learned","telic"
"blush","telic"
"prevented","atelic"
"hasten","telic"
"scouring","atelic"
"sprinted","atelic"
"undo","telic"
"illuminated","atelic"
"remedied","telic"
"nabbed","telic"
"decorated","telic"
"scuffle","telic"
"stunned","telic"
"slammed","telic"
"ratified","telic"
"slapped","telic"
"judged","telic"
"closed","telic"
"scampering","atelic"
"ended","telic"
"gathered","telic"
"sprang","telic"
"refuse","telic"
"rebutting","telic"
"trounced","telic"
"identify","telic"
"enthralled","telic"
"shredded","telic"
"swore","telic"
"emerged","telic"
"betrayed","telic"
"leave","telic"
"swing","telic"
"purified","telic"
"erupted","telic"
"instructed","telic"
"pilfering","telic"
"pasting","telic"
"cede","telic"
"narrated","atelic"
"stop","telic"
"embraced","telic"
"declined","telic"
"loosed","telic"
"sweep","atelic"
"expiate","telic"
"vouch","telic"
"purloined","telic"
"enumerate","atelic"
"toiling","atelic"
"overborne","telic"
"surrendered","telic"
"accede","telic"
"descended","telic"
"farmed","atelic"
"entangled","telic"
"released","telic"
"signify","telic"
"quoted","telic"
"communicating","atelic"
"manipulated","atelic"
"insisted","atelic"
"overestimating","atelic"
"vexed","telic"
"blaze","telic"
"buckled","telic"
"concocting","telic"
"enjoy","atelic"
"speeded","telic"
"cauterized","telic"
"tracking","atelic"
"commenced","telic"
"emboldened","telic"
"cramped","telic"
"interacted","atelic"
"updated","telic"
"masked","telic"
"transcends","telic"
"devour","telic"
"upending","telic"
"externalize","telic"
"discover","telic"
"punching","telic"
"captured","telic"
"compressing","telic"
"rushed","telic"
"admitted","telic"
"spewed","telic"
"spend","telic"
"manufacture","atelic"
"ingesting","telic"
"agonize","atelic"
"nicked","telic"
"enhearten","telic"
"reminisced","atelic"
"forsaken","telic"
"arranged","telic"
"subordinate","telic"
"spelt","telic"
"purging","telic"
"mated","telic"
"pricked","telic"
"erased","telic"
"evaded","telic"
"trade","telic"
"patrolled","atelic"
"departed","telic"
"commented","telic"
"unrolled","telic"
"galvanized","telic"
"excel","atelic"
"chastised","telic"
"discontinued","telic"
"rewarded","telic"
"abducted","telic"
"voiced","telic"
"unwinding","telic"
"endanger","atelic"
"scattered","telic"
"insured","telic"
"zipped","telic"
"valued","telic"
"deputized","atelic"
"thrust","telic"
"verify","telic"
"bawled","telic"
"propelled","telic"
"commanded","atelic"
"endeavoured","telic"
"defused","telic"
"bestowed","telic"
"wriggled","atelic"
"swallowed","telic"
"escorted","atelic"
"slashed","telic"
"rules","atelic"
"allotted","telic"
"working","atelic"
"excite","telic"
"floating","atelic"
"steered","atelic"
"nonplussed","telic"
"ascribe","telic"
"disagree","telic"
"ebbing","telic"
"broadcasting","telic"
"wince","telic"
"detect","telic"
"bashing","atelic"
"enshrouded","telic"
"employed","telic"
"stung","telic"
"nettled","atelic"
"cultured","atelic"
"espied","telic"
"annexed","telic"
"mashed","telic"
"faking","telic"
"coerce","telic"
"rounded","telic"
"tingling","atelic"
"undergone","telic"
"condemned","telic"
"billeted","telic"
"shrouded","telic"
"fingered","telic"
"exaggerating","atelic"
"overlooked","telic"
"violate","telic"
"demolished","telic"
"arise","telic"
"empathize","atelic"
"steeped","telic"
"outlive","telic"
"re-established","telic"
"seized","telic"
"perfected","telic"
"inaugurating","telic"
"insulted","telic"
"soliciting","atelic"
"falsified","telic"
"agreed","telic"
"misplaced","telic"
"lose","telic"
"typeset","telic"
"repaid","telic"
"perambulating","atelic"
"abstracted","telic"
"commended","telic"
"stilled","telic"
"blubbering","atelic"
"patronize","atelic"
"thumped","telic"
"reestablish","telic"
"revoke","telic"
"caressing","atelic"
"stifled","telic"
"fell","telic"
"equalize","telic"
"swarming","atelic"
"canvassing","atelic"
"detaches","telic"
"prolong","telic"
"excising","telic"
"revolted","telic"
"illumine","telic"
"procuring","telic"
"Substitute","telic"
"mugged","telic"
"failed","telic"
"poked","telic"
"stewed","atelic"
"eat","atelic"
"offset","telic"
"nurtured","atelic"
"superintended","atelic"
"perused","telic"
"fabricated","atelic"
"allured","telic"
"stolen","telic"
"demean","telic"
"repaired","telic"
"bombard","atelic"
"stirred","telic"
"camouflaged","telic"
"tethered","telic"
"step","telic"
"terminate","telic"
"everted","telic"
"disgorged","telic"
"captivate","telic"
"indict","telic"
"comply","telic"
"hunting","atelic"
"diagnosed","telic"
"piqued","telic"
"disclaimed","telic"
"delayed","telic"
"usurp","telic"
"surpassing","telic"
"strafe","telic"
"overflowed","telic"
"sample","telic"
"hurled","telic"
"laundered","telic"
"jogging","atelic"
"set","telic"
"plunged","telic"
"recreate","telic"
"snarling","atelic"
"proved","telic"
"awoke","telic"
"gaped","telic"
"Sponsored","atelic"
"straining","atelic"
"hurting","telic"
"observing","atelic"
"enriched","telic"
"alternated","atelic"
"discharged","telic"
"tangled","telic"
"strangled","telic"
"entombed","telic"
"offered","telic"
"carve","telic"
"abusing","atelic"
"affirmed","telic"
"effected","telic"
"amounted","telic"
"kissed","telic"
"petition","telic"
"footing","telic"
"charge","telic"
"jingled","telic"
"criticised","atelic"
"isolate","telic"
"extend","telic"
"unburdening","atelic"
"ascertaining","atelic"
"diet","atelic"
"renovated","telic"
"collated","telic"
"phrase","telic"
"profit","atelic"
"shunted","telic"
"prowling","atelic"
"relinquish","telic"
"planted","telic"
"grubbing","atelic"
"scrubbing","atelic"
"integrate","telic"
"exclude","telic"
"insert","telic"
"glimpsed","telic"
"spellbound","telic"
"searched","atelic"
"blundered","telic"
"fizzled","telic"
"condoning","telic"
"strive","atelic"
"quickens","telic"
"plague","atelic"
"shun","atelic"
"Remind","telic"
"packaged","atelic"
"Says","telic"
"shrink","atelic"
"littered","telic"
"plummeted","telic"
"furnish","telic"
"diminished","telic"
"underestimated","atelic"
"assuage","telic"
"waggled","atelic"
"battled","atelic"
"douse","telic"
"banned","telic"
"exacerbated","telic"
"decries","telic"
"doing","atelic"
"prances","atelic"
"sawed","telic"
"inscribed","telic"
"fooling","atelic"
"foil","telic"
"awakened","telic"
"splayed","telic"
"neglected","telic"
"spread","atelic"
"enlighten","telic"
"shattered","telic"
"christened","telic"
"clarifies","telic"
"unveil","telic"
"sewed","telic"
"suffering","atelic"
"portrayed","telic"
"increasing","atelic"
"remarked","telic"
"double-crossed","telic"
"breathed","atelic"
"strolled","atelic"
"fibbing","atelic"
"negotiated","atelic"
"raking","atelic"
"omit","telic"
"indicated","telic"
"Stigmatized","telic"
"rape","telic"
"transferred","telic"
"breach","telic"
"raining","atelic"
"hollered","atelic"
"bet","telic"
"forbid","telic"
"proliferate","atelic"
"provoked","telic"
"blight","atelic"
"adjourned","telic"
"contributed","telic"
"won","telic"
"drain","telic"
"raiding","telic"
"drive","atelic"
"deal","atelic"
"pieced","telic"
"perceived","telic"
"unfolding","atelic"
"folded","telic"
"affected","telic"
"ditched","telic"
"shining","atelic"
"jeopardised","telic"
"succumbed","telic"
"threaten","telic"
"amputate","telic"
"rejected","telic"
"jotted","telic"
"adjusting","telic"
"bring","telic"
"sagged","telic"
"punctuate","telic"
"highlighted","telic"
"visit","telic"
"overhauled","telic"
"flying","telic"
"fixed","telic"
"grew","atelic"
"deducted","telic"
"amused","atelic"
"complain","telic"
"scares","telic"
"differentiate","telic"
"keeled","telic"
"complimenting","telic"
"sidestepped","telic"
"enquire","telic"
"drafted","telic"
"moved","telic"
"ran","telic"
"vindicating","telic"
"double","telic"
"occupied","telic"
"rose","telic"
"phoned","telic"
"discard","telic"
"introduced","telic"
"grinned","telic"
"solaced","telic"
"pinching","telic"
"intruded","telic"
"criticized","atelic"
"flame","atelic"
"scrutinizing","atelic"
"intensified","atelic"
"planning","telic"
"protected","atelic"
"jigging","atelic"
"browsing","atelic"
"smothered","telic"
"arrest","telic"
"raged","atelic"
"snatched","telic"
"shirk","telic"
"bonded","telic"
"Deifying","atelic"
"volunteered","telic"
"racked","atelic"
"bulldozed","telic"
"crushed","telic"
"babysit","atelic"
"caught","telic"
"buttoned","telic"
"arrived","telic"
"boasted","atelic"
"spurned","telic"
"abstained","telic"
"stuffing","telic"
"stressing","telic"
"sucking","telic"
"alleviate","telic"
"subjugate","telic"
"carted","telic"
"swerve","telic"
"killed","telic"
"slide","telic"
"target","telic"
"blinked","telic"
"prevailed","telic"
"debased","telic"
"guarded","atelic"
"gossiped","atelic"
"reiterating","telic"
"crouched","telic"
"spurted","telic"
"submit","telic"
"yanked","telic"
"incommode","atelic"
"ground","telic"
"influence","telic"
"debate","atelic"
"slug","telic"
"crunching","telic"
"greeted","telic"
"moored","telic"
"directs","atelic"
"boarding","telic"
"abate","telic"
"decrease","atelic"
"abbreviating","telic"
"inclined","telic"
"playing","atelic"
"nodded","telic"
"disappearing","telic"
"sliced","telic"
"hassle","atelic"
"mature","telic"
"donating","telic"
"studied","atelic"
"gripped","telic"
"enact","telic"
"elevate","telic"
"decided","telic"
"gained","telic"
"refer","telic"
"retraced","telic"
"gave","telic"
"segmented","telic"
"molded","telic"
"waiving","telic"
"attracted","telic"
"extinguished","telic"
"thrashed","telic"
"impose","telic"
"rebelled","telic"
"amassing","atelic"
"bomb","telic"
"cast","atelic"
"cushioned","telic"
"reopen","telic"
"scrounge","telic"
"explore","atelic"
"countenance","telic"
"disassembled","telic"
"carped","atelic"
"frosted","telic"
"shopped","atelic"
"loosen","telic"
"bolted","telic"
"ousted","telic"
"deigned","telic"
"disregard","atelic"
"telephone","telic"
"book","telic"
"liven","telic"
"vouchsafed","telic"
"flanked","atelic"
"harry","atelic"
"utilize","telic"
"displayed","telic"
"outshine","telic"
"damaged","telic"
"presided","atelic"
"raced","atelic"
"wed","telic"
"laboured","atelic"
"subside","atelic"
"dialed","telic"
"import","telic"
"abolish","telic"
"defended","telic"
"migrate","telic"
"renounce","telic"
"described","telic"
"assaulted","telic"
"assassinated","telic"
"conquered","telic"
"counselled","telic"
"show","telic"
"scolding","atelic"
"rend","telic"
"forewarned","telic"
"eschew","atelic"
"preach","atelic"
"burrowing","atelic"
"disquieted","telic"
"heightened","telic"
"research","atelic"
"grabbed","telic"
"drooped","telic"
"wronged","telic"
"bounced","atelic"
"mothered","atelic"
"risk","atelic"
"clothed","telic"
"rent","telic"
"Whets","telic"
"rub","atelic"
"hijack","telic"
"recapture","telic"
"designated","telic"
"shooed","telic"
"shut","telic"
"wet","telic"
"allying","telic"
"imbued","telic"
"settle","telic"
"nudge","telic"
"magnified","atelic"
"duplicate","telic"
"commemorate","telic"
"ELECT","telic"
"cautioned","telic"
"puking","atelic"
"disciplined","telic"
"tormented","atelic"
"coined","telic"
"recited","telic"
"seal","telic"
"dropped","telic"
"revelled","atelic"
"damped","telic"
"assist","telic"
"cross","telic"
"compromised","telic"
"estimate","telic"
"dismantled","telic"
"overcome","telic"
"apportioned","telic"
"exhibit","atelic"
"deepen","atelic"
"mould","atelic"
"overthrowing","telic"
"subtracted","telic"
"declared","telic"
"decomposed","telic"
"flower","atelic"
"questing","atelic"
"oppose","atelic"
"enfolded","telic"
"wandered","atelic"
"total","telic"
"speculate","atelic"
"displace","telic"
"assented","telic"
"conferred","telic"
"recovered","telic"
"branding","telic"
"froze","telic"
"varied","atelic"
"stored","telic"
"stumbled","telic"
"cooperating","atelic"
"stooped","telic"
"oppressed","atelic"
"dismayed","telic"
"pondered","atelic"
"tarries","atelic"
"exonerate","telic"
"lecturing","atelic"
"reached","telic"
"elicit","telic"
"argue","atelic"
"rescue","telic"
"pinpoint","telic"
"thronged","atelic"
"hear","telic"
"unmade","telic"
"transgress","telic"
"decamped","telic"
"ignite","telic"
"hired","telic"
"deceived","telic"
"suing","telic"
"bluff","telic"
"ameliorate","telic"
"heals","telic"
"cocked","telic"
"quake","atelic"
"upped","telic"
"ensure","telic"
"heed","atelic"
"summed","telic"
"succeeding","telic"
"pierce","telic"
"Pull","telic"
"Forge","telic"
"expiring","atelic"
"hearken","atelic"
"transmuted","telic"
"accept","telic"
"choked","telic"
"exerting","atelic"
"corrupted","telic"
"sank","telic"
"thinning","atelic"
"wobbling","atelic"
"emphasized","telic"
"weaken","atelic"
"wheeling","atelic"
"boxed","telic"
"fight","atelic"
"intervening","telic"
"sought","atelic"
"brightened","telic"
"seated","telic"
"organised","telic"
"singing","atelic"
"buy","telic"
"lighten","atelic"
"teach","telic"
"molesting","telic"
"animated","telic"
"appointed","telic"
"hustle","telic"
"delve","telic"
"confirmed","telic"
"demonstrate","telic"
"stoked","telic"
"sacked","telic"
"sermonize","atelic"
"bowed","telic"
"shudder","telic"
"hoard","atelic"
"hissing","atelic"
"waltz","atelic"
"painted","telic"
"gag","atelic"
"generate","telic"
"strengthened","telic"
"reserved","telic"
"expended","atelic"
"brake","telic"
"control","atelic"
"unscrewed","telic"
"expressed","telic"
"imprinted","telic"
"deny","telic"
"wrested","telic"
"advertise","atelic"
"scourged","telic"
"crippled","telic"
"switched","telic"
"inflicting","telic"
"tucked","telic"
"disturb","telic"
"figured","telic"
"acknowledged","telic"
"launching","telic"
"confined","telic"
"shrieked","telic"
"belied","telic"
"forego","telic"
"quarrelled","atelic"
"sauntered","atelic"
"drilled","atelic"
"transmitted","telic"
"daunted","telic"
"recant","telic"
"elbowed","telic"
"apologise","telic"
"pumped","telic"
"storm","telic"
"cringed","telic"
"solve","telic"
"dive","telic"
"acquaint","telic"
"bugs","atelic"
"quell","telic"
"knitting","atelic"
"blab","telic"
"consoled","telic"
"supported","atelic"
"advocating","atelic"
"extracted","telic"
"adopt","telic"
"devastate","telic"
"precluded","atelic"
"singled","telic"
"injure","telic"
"investigate","atelic"
"heaped","telic"
"hefting","atelic"
"glean","atelic"
"persecuted","atelic"
"improved","telic"
"conditioned","telic"
"pacified","telic"
"fracturing","telic"
"rampaged","atelic"
"tugs","atelic"
"proceeded","atelic"
"indulge","atelic"
"prayed","telic"
"twisting","atelic"
"uncovered","telic"
"personating","atelic"
"sport","atelic"
"forfeit","telic"
"snows","atelic"
"burnt","telic"
"mused","atelic"
"belittling","telic"
"lessen","telic"
"peeped","telic"
"fondle","atelic"
"reverting","telic"
"gored","telic"
"pack","telic"
"Pardon","telic"
"cheat","atelic"
"backfired","telic"
"busted","telic"
"jostling","atelic"
"wrung","telic"
"censured","telic"
"remitted","telic"
"imprisoned","telic"
"plundered","telic"
"tutored","atelic"
"availed","telic"
"supply","telic"
"proposing","telic"
"combat","atelic"
"marrying","telic"
"produce","atelic"
"infect","telic"
"busied","atelic"
"swapped","telic"
"analyzed","telic"
"towing","atelic"
"chronicled","atelic"
"probe","telic"
"procrastinated","atelic"
"docked","telic"
"rejoined","telic"
"botching","telic"
"infringing","telic"
"wake","telic"
"cried","telic"
"walked","telic"
"bathe","telic"
"annulled","telic"
"ladling","telic"
"peered","atelic"
"disabling","telic"
"interred","telic"
"resuscitated","telic"
"circled","atelic"
"merged","telic"
"wounded","telic"
"reconcile","telic"
"deteriorated","telic"
"crawled","atelic"
"pinned","telic"
"blackmail","atelic"
"question","atelic"
"accosted","telic"
"raised","telic"
"conducting","atelic"
"trying","atelic"
"pursued","atelic"
"infiltrated","telic"
"denounced","telic"
"induct","atelic"
"induce","telic"
"tidied","telic"
"regarded","atelic"
"dismissed","telic"
"sneaking","telic"
"splinter","telic"
"circulated","atelic"
"detracting","telic"
"designed","telic"
"functioned","atelic"
"totted","telic"
"doctoring","atelic"
"foments","atelic"
"cross-questioning","telic"
"landed","telic"
"roasted","telic"
"wailed","atelic"
"disintegrate","telic"
"cause","telic"
"contaminated","telic"
"groaned","telic"
"extricated","telic"
"cut","telic"
"chattered","atelic"
"pace","atelic"
"save","telic"
"butt","telic"
"grappled","telic"
"tempt","telic"
"welcome","telic"
"mute","telic"
"peeking","telic"
"foresee","telic"
"recognize","telic"
"vanquished","telic"
"peel","telic"
"allude","telic"
"installed","telic"
"located","telic"
"dispense","atelic"
"resurrected","telic"
"resign","telic"
"peddled","atelic"
"reigned","atelic"
"sketch","telic"
"obey","dummy_t"
"snubbed","telic"
"wane","atelic"
"exclaimed","telic"
"enliven","atelic"
"hauled","atelic"
"impugning","dummy_t"
"sway","atelic"
"plies","telic"
"offended","telic"
"twirl","atelic"
"rectify","telic"
"verging","telic"
"let","telic"
"pleaded","atelic"
"buried","telic"
"void","telic"
"top","telic"
"dethroned","telic"
"convey","telic"
"forecast","telic"
"stated","telic"
"birthed","telic"
"enrolled","telic"
"drifted","atelic"
"pressed","telic"
"coached","atelic"
"reverberated","telic"
"emanated","telic"
"redeemed","telic"
"responding","telic"
"heating","telic"
"transcribed","telic"
"excrete","telic"
"sighed","telic"
"splice","telic"
"debauched","telic"
"squandered","atelic"
"comfort","atelic"
"expand","atelic"
"deterred","telic"
"sifting","atelic"
"thwarted","telic"
"immerse","telic"
"burden","telic"
"alerted","telic"
"conserved","telic"
"began","telic"
"skiing","atelic"
"coax","telic"
"implicated","telic"
"inquire","telic"
"bounded","telic"
"stiffened","telic"
"proclaimed","telic"
"overturned","telic"
"bid","telic"
"raving","atelic"
"clasped","telic"
"intercepted","telic"
"selected","telic"
"depressed","telic"
"sign","telic"
"lamenting","atelic"
"hide","atelic"
"claim","telic"
"hammered","atelic"
"clamber","telic"
"break","telic"
"FIND","telic"
"contended","atelic"
"divine","atelic"
"scrambled","atelic"
"fasten","telic"
"scrutinise","atelic"
"postpone","telic"
"garbing","telic"
"parry","telic"
"lured","telic"
"stabilized","telic"
"change","telic"
"admonished","telic"
"joined","telic"
"dined","telic"
"troubling","atelic"
"overbalance","telic"
"coagulated","telic"
"astonished","telic"
"lurks","atelic"
"issued","telic"
"announced","telic"
"contested","telic"
"undressed","telic"
"dragged","telic"
"spied","atelic"
"certify","telic"
"penalize","telic"
"compensate","telic"
"adumbrated","atelic"
"plotted","atelic"
"gladden","atelic"
"carrying","atelic"
"surveying","atelic"
"confided","telic"
"drank","telic"
"goes","atelic"
"gamble","atelic"
"sanctioned","telic"
"avoided","telic"
"parading","atelic"
"whirl","telic"
"stroking","atelic"
"digest","telic"
"clanged","telic"
"slumped","telic"
"contemplating","atelic"
"level","telic"
"supplemented","telic"
"descried","telic"
"fulfill","telic"
"sipped","telic"
"contrast","telic"
"clamped","telic"
"license","telic"
"established","telic"
"practiced","atelic"
"completed","telic"
"depraved","telic"
"widening","atelic"
"salving","telic"
"prompting","telic"
"forgave","telic"
"recognise","telic"
"bob","telic"
"slaughtering","telic"
"waylaid","telic"
"renewed","telic"
"incarcerated","telic"
"download","telic"
"reposes","atelic"
"retrieve","telic"
"puffs","telic"
"recede","telic"
"sided","atelic"
"burst","telic"
"amplified","telic"
"clashing","telic"
"mediate","atelic"
"decreed","telic"
"gazed","atelic"
"jolted","telic"
"classed","telic"
"model","atelic"
"polemicize","atelic"
"sic","telic"
"reduced","telic"
"delegate","telic"
"defied","atelic"
"deducing","telic"
"invoke","telic"
"congregated","telic"
"lowered","telic"
"coated","telic"
"jeopardize","telic"
"shuffle","telic"
"condescend","telic"
"rehearsing","atelic"
"lull","atelic"
"split","telic"
"faltering","atelic"
"repress","telic"
"published","telic"
"flourished","atelic"
"mislead","telic"
"wrenched","telic"
"plod","atelic"
"languishing","atelic"
"expunged","telic"
"frame","telic"
"counter","telic"
"drew","telic"
"form","telic"
"unmasked","telic"
"disburse","telic"
"saluted","telic"
"goggling","atelic"
"withdrew","telic"
"reconsidered","telic"
"skirted","telic"
"diffuses","atelic"
"disembark","telic"
"appraised","telic"
"dissolve","telic"
"begotten","telic"
"report","telic"
"assigned","telic"
"pre-empted","telic"
"sentenced","telic"
"breed","atelic"
"accrued","atelic"
"operated","atelic"
"razed","telic"
"squirmed","telic"
"fluctuated","atelic"
"eavesdropping","atelic"
"cancel","telic"
"discuss","atelic"
"focused","telic"
"approach","telic"
"overdo","atelic"
"envisaged","atelic"
"ricocheted","telic"
"unfurled","telic"
"deluged","atelic"
"tinkling","atelic"
"pegging","atelic"
"service","atelic"
"worsened","atelic"
"address","telic"
"imitating","atelic"
"authorize","telic"
"tip","telic"
"unfetter","telic"
"governed","atelic"
"wiped","telic"
"mustered","telic"
"Thank","telic"
"revise","telic"
"rescind","telic"
"evaporated","telic"
"afflicted","telic"
"flipped","telic"
"chilled","telic"
"hypothesizes","telic"
"rearranged","telic"
"rehoused","telic"
"overseen","atelic"
"upraised","telic"
"clutching","atelic"
"analysing","telic"
"supplanted","telic"
"spoil","telic"
"minced","telic"
"rooted","atelic"
"bemoan","atelic"
"twiddle","atelic"
"tinker","telic"
"permitted","telic"
"patted","telic"
"ascended","telic"
"order","telic"
"SET","telic"
"resulted","telic"
"emptied","telic"
"experimented","atelic"
"murdered","telic"
"commissioned","telic"
"kidnapped","telic"
"export","telic"
"reimburse","telic"
"disbanded","telic"
"photographed","telic"
"implemented","telic"
"deadened","atelic"
"reproduces","atelic"
"piled","telic"
"sated","telic"
"wrapped","telic"
"wrestled","atelic"
"Deployed","telic"
"muff","telic"
"resumed","telic"
"repositioned","telic"
"preparing","telic"
"achieve","telic"
"overshadowed","telic"
"devise","telic"
"overwhelm","telic"
"pretend","atelic"
"poaching","atelic"
"corrected","telic"
"winding","atelic"
"remunerate","telic"
"enlarged","telic"
"pawing","atelic"
"ushered","telic"
"perform","atelic"
"flowed","atelic"
"hampered","atelic"
"multiplied","atelic"
"excavate","telic"
"populated","atelic"
"averted","telic"
"dawned","telic"
"resolved","telic"
"modulated","atelic"
"waged","atelic"
"constricted","telic"
"groomed","atelic"
"warrant","telic"
"flop","telic"
"police","atelic"
"sniffed","telic"
"outstrip","telic"
"laughing","atelic"
"piloted","atelic"
"confront","telic"
"roll","atelic"
"interjected","telic"
"conjecture","atelic"
"frustrating","telic"
"winging","atelic"
"revived","telic"
"required","atelic"
"motivate","atelic"
"ruptures","telic"
"dismounted","telic"
"conceded","telic"
"pervaded","atelic"
"harmed","telic"
"misappropriated","telic"
"channelled","atelic"
"laden","telic"
"mulling","atelic"
"turned","telic"
"discouraged","telic"
"incinerate","telic"
"reproached","telic"
"reunited","telic"
"concentrate","telic"
"handed","telic"
"yowl","atelic"
"disguise","telic"
"placate","telic"
"EVACUATE","telic"
"punctured","telic"
"pocketing","telic"
"quieted","telic"
"exposed","telic"
"rebuilt","telic"
"listed","telic"
"lend","telic"
"elected","telic"
"winked","telic"
"injected","telic"
"bumped","telic"
"dispersed","telic"
"computed","telic"
"tickled","telic"
"clicked","telic"
"importuned","atelic"
"exterminate","telic"
"wrecked","telic"
"write","atelic"
"calculate","telic"
"pervert","telic"
"hung","telic"
"lived","atelic"
"cheered","atelic"
"objected","telic"
"proffered","telic"
"emancipated","telic"
"removed","telic"
"paid","telic"
"explicate","telic"
"blur","atelic"
"avenging","telic"
"threw","telic"
"throbbed","atelic"
"checked","telic"
"petting","atelic"
"better","atelic"
"rambled","atelic"
"blocks","telic"
"picked","telic"
"wreaking","telic"
"overstated","telic"
"goads","atelic"
"trudging","atelic"
"concluded","telic"
"enforce","telic"
"flunked","telic"
"stationed","telic"
"ranged","atelic"
"dressed","telic"
"contrived","telic"
"tagged","atelic"
"challenged","telic"
"filtered","telic"
"unearth","telic"
"awarded","telic"
"cook","telic"
"tightened","telic"
"guided","atelic"
"flexed","telic"
"sights","telic"
"noted","telic"
"cease","telic"
"replayed","telic"
"faulted","telic"
"emit","telic"
"collaring","telic"
"lambasted","telic"
"cope","telic"
"recall","telic"
"flagged","telic"
"surmount","telic"
"condensed","telic"
"simulates","atelic"
"scrolled","telic"
"reveals","telic"
"hailed","atelic"
"snapping","telic"
"foraging","atelic"
"impressed","telic"
"organizing","telic"
"blown","telic"
"segued","telic"
"practise","atelic"
"LOSE","telic"
"drape","telic"
"Hedging","telic"
"contracted","telic"
"featured","atelic"
"tan","telic"
"followed","atelic"
"delude","atelic"
"disprove","telic"
"lifted","telic"
"come","telic"
"sell","telic"
"revitalize","atelic"
"beckon","telic"
"justified","telic"
"braided","telic"
"soothing","atelic"
"sail","atelic"
"sent","telic"
"confess","telic"
"subdivides","telic"
"dashed","telic"
"rocked","telic"
"abide","atelic"
"roared","telic"
"constrained","telic"
"suggested","telic"
"disarticulated","telic"
"assess","telic"
"forced","telic"
"interrogate","atelic"
"lined","atelic"
"abridged","telic"
"derived","telic"
"flay","telic"
"weaning","telic"
"leaps","telic"
"wept","atelic"
"canned","telic"
"substantiated","telic"
"predetermined","telic"
"gambol","atelic"
"smooth","telic"
"reaffirm","telic"
"fleeing","atelic"
"vibrating","atelic"
"readying","telic"
"created","telic"
"alarm","telic"
"roamed","atelic"
"suffused","telic"
"pushed","telic"
"climaxed","telic"
"date","atelic"
"escalating","telic"
"assert","telic"
"dare","telic"
"wear","atelic"
"leaked","atelic"
"purr","atelic"
"led","telic"
"Diverting","atelic"
"titillated","telic"
"apologize","telic"
"Divesting","telic"
"overheard","telic"
"tapped","telic"
"rivaled","atelic"
"review","telic"
"dispute","telic"
"copied","telic"
"Flapping","telic"
"tuned","telic"
"uttering","telic"
"startled","telic"
"help","atelic"
"emphasise","telic"
"darning","atelic"
"blot","telic"
"renamed","telic"
"readjusted","telic"
"exiled","telic"
"leaned","telic"
"assailed","telic"
"darted","atelic"
"placed","telic"
"plight","telic"
"linked","telic"
